id,title,job_url,company,company_link,location,published_at,number_of_applicants_applied,employment_duration,work_location_type,work_experience_level,company_type,about_the_job
3778219716,"Application Developer – Avayas/Genesys (Bangkok-based, relocation provided)",htthttps://www.linkedin.com/jobs/view/3778219716,Agoda,https://www.linkedin.com/company/agoda/life," ",,0,,Full-time,,"5,001-10,000 employees · Software Development","About Agoda

Agoda is an online travel booking platform for accommodations, flights, and more. We build and deploy cutting-edge technology that connects travelers with more than 3.6 million accommodations globally. Based in Asia and part of Booking Holdings, our 6,000+ employees representing 90+ nationalities foster a work environment rich in diversity, creativity, and collaboration. We innovate through a culture of experimentation and ownership, enhancing the ability for our customers to experience the world.

Get to Know our Team: 

The IT Infrastructure team operates all networks, servers, and storage platforms used to deliver services to Agoda’s customers. We support every product within the company, working with a wide range of systems and technology stacks. As part of the IT Infrastructure team, you’ll be working with over 25,000 server instances, one of the largest OpenStack private clouds in Asia, sophisticated Kubernetes-based compute engines, and a data platform capable of transporting and ingesting millions of data messages per second. Each of these opportunities – coupled with an open work environment – are a great way to gain experience on a modern and dynamic platform, constantly evolving to adapt to changes in the business landscape.

The opportunity:

In this role as Application Developer (Sr. System Engineer), you will lead the design, development and maintenance of advanced Contact Center solutions and Telephony Platform (Infrastructure) for a global contact center with approximately 2000 concurrent agents distributed across multiple locations of in-house agents and BPO agents (via VDI) around the world, leveraging your extensive software development expertise. This role involves not only technical proficiency but also leadership and mentoring responsibilities, guiding engineers on a virtual team with members located around the world.

In this Role, You’ll Get to

Lead the design of complex and strategic Contact center solutions, ensuring to align with the organization’s goals and customer experience objectives
Develop and maintain custom contact center applications, features, integrations and automation
Mentor and provide technical guidance to engineers, fostering their growth and development with documentation and knowledge sharing
Ensure contact center solutions adhere to security best practices and compliance with data privacy regulations
Lead efforts to optimize the performance of contact center systems and proactive monitoring for issues
Collaborate with cross-functional teams, including network engineers, system administrators, operation teams, external vendors and a notion to business users to deliver integrated contact center solutions that meet business objectives
Continuous Learning, stay updated with industry trends and emerging technologies related to contact center solution and development practices

What You’ll Need To Succeed

We require at least 5 years of experience in advanced Contact center solutions
Significant experience in software development and programming, with focus on Contact center technologies
Proven experience in software development, programming (e.g., Java, JavaScript, .NET) and scripting (eg., Powershell, Shell scripting)
Strong knowledge of contact center technologies
Exceptional problem solving and troubleshooting abilities
Good communication and collaboration in English skills
Good leadership and mentoring skill
Attention to detail and commitment to quality

It’s great if you have:

Experience on RPA and AI development for contact center

#sanfrancisco #sanjose #losangeles #sandiego #oakland #denver #miami #orlando #atlanta #chicago #boston #detroit #newyork #portland #philadelphia #dallas #houston #austin #seattle #sydney #melbourne #perth #toronto #vancouver #montreal #shanghai #beijing #shenzhen #prague #Brno #Ostrava #cairo #alexandria #giza #estonia #paris #berlin #munich #hamburg #stuttgart #cologne #frankfurt #hongkong #budapest #jakarta #bali #dublin #telaviv #milan #rome #venice #florence #naples #turin #palermo #bologna #tokyo #osaka #kualalumpur #malta #amsterdam #oslo #manila #warsaw #krakow #doha #alrayyan #riyadh #jeddah #mecca #medina #singapore #seoul #barcelona #madrid #stockholm #zurich #taipei #tainan #taichung #kaohsiung #bangkok #Phuket #istanbul #london #manchester #edinburgh #hcmc #hanoi #lodz #wroclaw #poznan #katowice #rio #salvador #newdelhi #bangalore #bandung #yokohama #nagoya #okinawa #fukuoka #jerusalem #IT #4 #makati #bangalore #gurgaon #pune #gurugram #hyderabad #noida #chennai #mumbai #delhi #newdelhi #kolkata #jaipur

Equal Opportunity Employer 

At Agoda, we pride ourselves on being a company represented by people of all different backgrounds and orientations. We prioritize attracting diverse talent and cultivating an inclusive environment that encourages collaboration and innovation. Employment at Agoda is based solely on a person’s merit and qualifications. We are committed to providing equal employment opportunity regardless of sex, age, race, color, national origin, religion, marital status, pregnancy, sexual orientation, gender identity, disability, citizenship, veteran or military status, and other legally protected characteristics.

We will keep your application on file so that we can consider you for future vacancies and you can always ask to have your details removed from the file. For more details please read our privacy policy .

To all recruitment agencies: Agoda does not accept third party resumes. Please do not send resumes to our jobs alias, Agoda employees or any other organization location. Agoda is not responsible for any fees related to unsolicited resumes."
3737228048,Senior Software Engineer - Android,htthttps://www.linkedin.com/jobs/view/3737228048,Gojek,https://www.linkedin.com/company/gojek/life," "," ",344,,On-site,,"1,001-5,000 employees · Technology, Information and Internet","About The Role

We are seeking a Senior Android Engineer who has a passion for solving engineering challenges such as enhancing the build system, optimizing app performance, refining platform tools, and creating internal frameworks for reusable code. We are looking for someone with experience in collaborating within distributed teams of at least three Android developers and who enjoys advocating for innovative engineering concepts. This engineer will be part of a mobile platform team responsible for setting engineering direction and developing foundational components for over 100+ Android engineers.

Initially, your focus will be improving the mobile build system currently using Gradle. Your tasks will include enhancing build performance, implementing automation to streamline the development process for product developers, and working on automation for code analysis, various test frameworks, and enhancements to the CI pipeline, among other responsibilities.

What You Will Do
Work closely with product engineers across multiple Android apps, to unify the build standards
Continue pushing the limits to make sure engineers have better experience with Android Studio
Measure and Identify bottlenecks in the current build system and fix them over time
Forecast and work towards future-proofing Android platform engineering services
Resolves disputes and makes tradeoffs keeping a balance between delivery and tech
Define and drive best engineering practices in alignment with all product groups.


What You Will Need

3+ years of mobile engineering experience with Android as primary expertise
Hands-on engineer with a focus on writing easy-to-read code than over-engineering
Should have worked on projects (preferably Frameworks/SDKs) that involve collaborating with multiple teams 
Well-versed in architectural approaches, testing, and performance when it comes to building mobile apps
Passion for building scalable and composable systems that would last long
Participating and ability to make decisions in the architecture design review
Prioritizes and values work that is underrated but increases the predictability, quality & throughput of delivery
Escalates challenges that are outside their control but affect the squad’s delivery
Prioritize work based on understanding the trade-off between quality, tech-debt, and delivery.
About The Team

MxT(Mobile Excellence and Tooling) is the mobile platform team at Gojek. We build small tools and standardize processes, SDKs so that product engineers can focus on Product Features. The team acts as a Center of Excellence for app performance and mobile security along with improving mobile engineers' developer experience and productivity (working in teams like GoRide, GoFood, Transport, GoPartner, etc).

Core areas that we focus on - 

Developer Experience and Tooling: We are a super app consisting of 22 products, each big enough to be a startup on its own. Apart from this, we have equally feature-rich driver and merchant apps. This pod is on a mission to evaluate build systems and migrate to them to get granular control on how we build our apps and the time required for the same. Reliability of CI infra for mobile apps and automated PR feedback are also the responsibilities of this team.

Foundation and Building Blocks: This team works on creating common frameworks, as in NetworkSDK, Clickstream, etc, which internal products use to build upon and code generators for boilerplates. The team also takes care of making sure the Gojek app performance is top-notch and industry-leading!

App Excellence and Insights Tooling: The purpose of the App Excellence and Insights Team is to drive the success of our mobile applications by enabling teams to better monitor, maintain, and improve performance and providing data-driven insights to inform decision-making. We will identify areas for improvement, and provide recommendations to enhance app performance and ultimately user satisfaction.

About GoTo Group

GoTo Group is the largest digital ecosystem in Indonesia with its mission to “Empower Progress’ by offering technological infrastructure and solutions for everyone to access and thrive in the digital economy. The GoTo ecosystem consists of on-demand transportation services, e-commerce, food and grocery delivery, logistics and fulfillment, as well as financial and payment services through the Gojek, Tokopedia and GoTo Financial platforms.It is the first platform in Southeast Asia that hosts these crucial cases in a single ecosystem, capturing the majority of Indonesia’s vast consumer household.

About Gojek

Gojek is Southeast Asia’s leading on-demand platform and pioneer of the multi-service ecosystem with over 2.5 million driver partners across the regions offering a wide range of services such as transportation, food delivery, logistics and more. With its mission to create impact at scale, Gojek is committed to resolving consumer problems and raising standards of living by connecting consumers to the best providers of goods and services in the market.

About GoTo Financial

GoTo Financial accelerates financial inclusion through its leading financial services and merchants solutions. Its consumer services include GoPay and GoPayLater and serve businesses of all sizes through Midtrans, Moka, GoBiz Plus, GoBiz, and Selly. With its trusted and inclusive ecosystem of products, GoTo Financial is open to new growth opportunities and aims to empower everyone to Make It Happen, Make It Together, Make It Last.

About Tokopedia

Tokopedia is an Indonesian technology company with a mission to democratize commerce through technology. It has been a driving force behind Indonesia's digital development since its foundation in 2009, with more than 99% of districts and empowered around 12 million merchants listed nationwide. With Nakama ranging all across Indonesia, Tokopedia aims to simplify the lives of many to #FindYourPurpose together.

GoTo and its business units, including Gojek, Tokopedia, GoToFinancial and GoToLogistics (""GoTo"") only post job opportunities on our official channels on our respective company websites and on LinkedIn. GoTo is not liable for any job postings or job offers that did not originate from us. You should conduct your own due diligence to prevent being victims of any fake job scams, if they did not originate from GoTo's official recruitment channels."
3735977419,Expert Back End Engineer (ShopeePay) - Sea Labs,htthttps://www.linkedin.com/jobs/view/3735977419,Shopee,https://www.linkedin.com/company/shopee/life," "," ",149,,On-site,,"5,001-10,000 employees · Technology, Information and Internet","About The Team

We are a team of Engineers who build and maintain features and systems for ShopeePay. We constantly work on introducing more effective payment functionalities to both internal businesses and external merchants. Together we aim to reach the forefront of technology for payment methods, promoting the cashless lifestyle to various groups of people across SEA.

This role would involve working with some of the most talented minds in the world, collaborating with fellow Developers, Product Managers, User Experience Designers and Operation Engineers to build products with cutting-edge technologies.

Job Description

Responsible for the design and development of back-end systems for financial services to support Sea businesses worldwide.
Develop security, high reliability and complex transaction systems for financial business; handle concurrent processing scenarios with smooth user experience
Defining flexible and adaptable system function modules and deployment schemes for different business scenarios, physical environments and regulatory requirements
Responsible for mentoring the back-end team, tackling the technical difficulties of the systems, and overseeing project delivery and quality

Requirements

Bachelor degree or above, more than 5 years of backend development experience, more than 1 year of team management experience;
Proficiency in at least one of Golang/Python/C++/Java; proficient in common data structures, algorithms and multi-threading technology;
Familiar with MySQL/Oracle and other database and common performance optimization methods
Familiar with middleware components such as Redis, HBase, Kafka;
Familiar with distributed architecture; familiar with microservice frameworks such as K8S; familiar with network protocols such as TCP/HTTPS; familiar with data exchange formats such as XML/JSON/ProtoBuf;
Experience in financial system development is preferred, and experience in high-concurrency system development is preferred."
3759731975,Senior Software Engineer,htthttps://www.linkedin.com/jobs/view/3759731975,Photon,https://www.linkedin.com/company/photon-interactive/life," ",2 weeks ago,62,,On-site,,"5,001-10,000 employees · IT Services and IT Consulting","Key Responsibilities and Duties
Conducts requirements gathering and analysis to understand the domain of the software problem and/or functionality, the interfaces between hardware and software, and the overall software characteristics.
Consults with systems engineers and architects on developing IT standards for the business while facilitating the translation of client requirements into technical designs for large IT solutions.
Uses programming, scripting, and/or database languages to write the software code.
Models key business processes and critical paths while assessing the impact of technology on business processes.
Supports software testing, deployment, maintenance, and evolves activities by correcting programming errors, responding to scope changes, and coding software enhancements.
Maintains records for the documentation of systems development and revisions.
Coaches and reviews the work of lower-level professionals.

Required Skills:
Experience with Full Stack Design and Coding, specifically Java technologies
Understanding of API design and experience developing APIs from scratch
Experience with API Gateway tools or middleware technologies
Understand API securities and best practices.
Experience with Spring, Spring Integration and Spring Framework (Core, JDBC, JMS, Messaging, Web, MVC)
Experience developing with service-oriented architecture and REST, JSON, XML, SOAP
Experience in Software Development Life Cycle and how the API fits into
Excellent team player with good organizational, communicational, analytical and logical skills

Preferred Skills:
Experience with ExpressJS, NextJS, ReactJS and NodeJS
Development experience in UI frameworks (ReactJS, NodeJS, HTML, Java Script, HTML5, JSP, Ajax)
Experience writing unit tests
Experience with DevOps tools: Gradle, Jenkins, SonarQube, Junit, Splunk, Openshift Cloud Platform.
Excellent English communication skills (C1 level)"
3762066198,Web Backend Developer,htthttps://www.linkedin.com/jobs/view/3762066198,Turing,https://www.linkedin.com/company/turingcom/life," ",3 weeks ago,5,,Remote,,"1,001-5,000 employees · IT Services and IT Consulting","Job Description

An established U.S.-based company, dedicated to revitalizing the tech industry by harnessing the power of modern generative technology, is currently seeking a skilled Web Back-End Developer. In this role, you will be responsible for debugging, testing, and troubleshooting multiple applications. With a portfolio of innovative products and services, this NASDAQ company has gained significant recognition and is at the forefront of shaping next-generation technological advancements. This presents an exciting opportunity for candidates who possess a passion for experimentation, iteration, and the development of cutting-edge solutions from the ground up.

Job Responsibilities

Perform code analysis and propose necessary modifications to elevate code quality
Collaborate with talented designers and engineers to develop cutting-edge and user-friendly UIs
Conduct research to identify market trends and innovative problem-solving strategies
Enhance app efficiency, speed, and scalability

Minimum Requirements

Bachelor's/Master's degree in Computer Science (or equivalent experience)
1+ years of experience working as a Web Back-End Developer
Minimum of 1+ years of experience with JUnit and 1+ years of experience with Java
Proven track record in developing and maintaining robust back-end systems
Strong understanding of the software development life cycle (SDLC) and agile methodologies
Excellent problem-solving skills and meticulous attention to detail
Must possess fluent English communication skills"
3751663012,Java Developer,htthttps://www.linkedin.com/jobs/view/3751663012,Mitrais,https://www.linkedin.com/company/mitrais/life," ",3 weeks ago,150,,Hybrid,,"501-1,000 employees · IT Services and IT Consulting","Mitrais, a member of CAC Holdings Group, is an international Information Technology company with offices in Indonesia, Singapore, and Australia. We have two lines of business – Software Development Services and Software Product Services. We provide a full range of Software Development capabilities including Microsoft, Mobile, Web, Java, etc. Our Software Product Services cover the deployment and support of leading Software Products.

Build your Career with Mitrais!

We have clients that urgently looking for Experienced Java Developers to be part of our team for an immediate start.

What will you be doing?
Coding high-quality software using distributed computing, messaging, microservices, performance tuning and memory and resource management techniques
Developing data-driven solutions for a range of clients - frontend as well as backend.
Collaborating within cross-functional and international agile teams.
Testing, debugging, re-testing, and coordinating with QA, validating software as ready for shipping
Reviewing code and acting as a subject matter expert for juniors in the team

What about you? 
You have 2+ years of experience in Java development with Springboot 
You are familiar with RDBMS 
You can speak reasonable English 
You are well versed in best practices in OOP, design patterns, SOLID principles, and data driven design 
You are comfortable using git or TFS in a CI/CD environment 
You enjoy working on lean and agile development projects using Scrum & Kanban 
You love clean and beautiful code, with an eye for simplicity and pragmatism. 
Additional value  
Experience on microservice, Kafka and Redis 
SQL and hands-on experience with ORM frameworks such as Hibernate 
Common Basic Web technologies such as: HTML, JQuery 
Java unit-test frameworks such as: Junit 
Java 8 features such as: Time API, Lambda, Functional Programming Style, Stream API 
You have experience in Java reporting tools such as: Jasper Report, Apache POI 
You have working knowledge and experience with: 
Cloud Computing such as: AWS, Azure, Google Cloud 
You are well versed in best practices in OOP, design patterns and SOLID principles 
What can Mitrais offer you?
A CAREER, not a JOB!
Competitive salary
Excellent working environment, with the possibility to relocate to our regional offices and work remotely
Free English classes, English is our working language
Lots of opportunities to improve your competencies on our technical boot camps, certification programs and soft skills training courses
Hackathons with big prizes!

Learn about life at Mitrais from our current team by searching #mitraislife on your social media.

Please note that all activities included in the recruitment processes are free of charge. Beware of online scams such as persons posing to represent the Mitrais Recruitment Team or other recruiting-related personnel by sending unsolicited text messages and emails asking you to provide personal information, transfer money, or do any other specific activities.

To Apply…
Simply click the apply button, complete the form and upload your latest CV in English! What are you waiting for?"
3776009882,Senior Back End Developer,htthttps://www.linkedin.com/jobs/view/3776009882,Ultra Voucher,https://www.linkedin.com/company/ultravoucher/life," ",4 days ago,48,,Hybrid,,51-200 employees · Consumer Services,"Write clean, maintainable, scalable and well-documented code, following best practices and coding standards 
Solutions architecture and tech stack including new emerging software engineering technologies
Supervise, mentor and coach junior developers, and conduct code reviews to ensure high-quality code and adherence to best practices. 
Perform issue analysis, root-cause analysis, and issue resolution 
Contribution in agile process and devops culture improvement 
Collaborate with cross-functional teams to gather requirements, define system architecture, and ensure alignment with business goals and technical requirements. 
Keep up-to-date with the latest industry trends, tools, and technologies, and share knowledge with the team to drive continuous improvement. 
Optimize the performance of existing systems and applications. 

 Requirements
 Strong knowledge of Node.JS ecosystem 
Proficient in Typescript or Javascript language as well as its supporting framework 
Strong understanding of SOLID Principle & Clean Architecture
Strong experience in Database Technology (RDMS, NoSQL, etc) 
Familiar with Microservice Architecture
Familiar with Unit Test
Good understanding of fundamental design patterns in software design 
Good understanding of creating, managing, and analyzing logs 
Experience with Scrum/Agile development methodologies. 
Experience with Event-Driven Architecture such as Kafka or RabbitMQ is a plus
Experience working with Redis and Memcached is a plus 
Experience with CI/CD, TDD, Refactor/Rewrite system is a plus
 Have Experience with Elastic Stack is a plus 
Experience in using Application Performance Management tools (APM) is a plus 
Critical thinking, fast learner, and excellent communication skills 
Well-motivated, responsible for the deadline, and can work under pressure"
3772903667,"Software Support Engineer, IgniteTech (Remote) - $60,000/year USD",htthttps://www.linkedin.com/jobs/view/3772903667,Crossover ,https://www.linkedin.com/company/crossover/life," ",,59,,Remote,,"5,001-10,000 employees · IT Services and IT Consulting","Crossover is the world's #1 source of full-time remote jobs. Our clients offer top-tier pay for top-tier talent. We're recruiting this role for our client, IgniteTech. Have you got what it takes?

Are you a front-end developer tired of the same old interfaces and repetitive design tasks that seem to dominate the industry? IgniteTech is looking for a React expert eager to break the mold and redefine user experiences. If you're driven by innovation and eager to unleash your potential in crafting truly unique and engaging digital environments, this is your call to action.

IgniteTech stands apart in an industry where front-end development often falls into a predictable pattern. Our commitment goes beyond standard design principles. We merge sophisticated aesthetics with functional brilliance, infused with cutting-edge AI technology.

As a key player in our dynamic team, you will be crafting high-quality, scalable, and intuitive user interfaces using React. Your role will involve close collaboration with cross-functional teams, contributing to a wide array of software products across diverse domains from web content management systems to e-commerce. Your work will be crucial in shaping the user experiences of our diverse product portfolio, ensuring that each solution is not just functional but a testament to our commitment to excellence and innovation.

If you're ready to leave your mark on the industry and be part of a team that values creativity, innovation, and quality, we want to hear from you.

What You Will Be Doing

Creating high-quality, maintainable, and scalable user interfaces using React, emphasizing both aesthetic appeal and functionality
Collaborating with cross-functional teams to integrate front-end designs with backend logic across a diverse range of products
Leading optimization efforts and UI tests to ensure rapid load times and responsiveness across all platforms

What You Won’t Be Doing

Repetitive templated designs. Here, every project is an opportunity for fresh creativity and innovation

Software Support Engineer Key Responsibilities

Delivering innovative, intuitive, and visually compelling user interfaces that significantly enhance customer experience and satisfaction

Basic Requirements

Professional experience in building web applications using React.js
Professional experience building mobile applications using ReactNative
Familiarity with state management tools like Redux or Context API
A grasp of AI, Large Language Models (LLMs), and prompt engineering, including Chain-of-Thought (CoT) prompting and Self-Consistency in CoT

About IgniteTech

If you want to work hard at a company where you can grow and be a part of a dynamic team, join IgniteTech!

Through our portfolio of leading enterprise software solutions, we ignite business performance for thousands of customers globally. We’re doing it in an entirely remote workplace that is focused on building teams of top talent and operating in a model that provides challenging opportunities and personal flexibility.

A career with IgniteTech is challenging and fast-paced. We are always looking for energetic and enthusiastic employees to join our world-class team.

We offer opportunities for personal contribution and promote career development. IgniteTech is an Affirmative Action, Equal Opportunity Employer that values the strength that diversity brings to the workplace.

There is so much to cover for this exciting role, and space here is limited. Hit the Apply button if you found this interesting and want to learn more. We look forward to meeting you!

Working with Crossover

This is a full-time (40 hours per week), long-term position. The position is immediately available and requires entering into an independent contractor agreement with Crossover. The compensation level for this role is $30 USD/hour, which equates to $60,000 USD/year assuming 40 hours per week and 50 weeks per year. The payment period is weekly. Consult www.crossover.com/help-and-faqs for more details on this topic.

What to expect next:

You will receive an email with a link to start your self-paced, online job application.
Our hiring platform will guide you through a series of online “screening” assessments to check for basic job fit, job-related skills, and finally a few real-world job-specific assignments.

Important! If you do not receive an email from us:

First, emails may take up to 15 minutes to send, refresh and check again.
Second, check your spam and junk folders for an email from Crossover.com, mark as “Not Spam” since you will receive other emails as well.
Third, we will send to whatever email account you indicated on the Apply form - by default, that is the email address you use as your LinkedIn username and it might be different than the one you have already checked.
If all else fails, just reset your password by visiting https://www.crossover.com/auth/password-recovery if you already applied using LinkedIn EasyApply.

Crossover Job Code: LJ-4404-ID-Medan-SoftwareSuppor.005"
3770823176,Senior Backend Engineer,htthttps://www.linkedin.com/jobs/view/3770823176,SawitPRO,https://www.linkedin.com/company/sawitpro/life," ",1 week ago,173,,On-site,,"51-200 employees · Technology, Information and Internet","About SawitPRO

SawitPRO develops an integrated end-to-end agri-platform, creating a win-win-win for people, planet and profit. Our missions are to improve the livelihood of Indonesia’s smallholders, to unlock value for the industry, and to strive in a demanding global market in traceability and sustainability of palm oil products.

We provide platform that connects the supply chain stakeholders within the palm oil industry (i.e. Palm Oil Mills, Agents, Smallholders, and Agri Input vendors), creates a digital ecosystem that removes friction points, and essentially boosts the productivity of the smallholders via access to affordable yet high quality agro-inputs, agronomic services, and high quality planting materials.

We envision to be the game-changer that improves smallholders’ living standard, and help our planet to meet the growing global demand for sustainable palm oil.

Responsibilities:
Participate in the complete backend services development life cycle.
Develop backend services according to API specifications.
Integrate external / third party services.
Perform system analysis, design, testing, and documentation whenever necessary.
Write testing for unit and system integration.
Maintain code quality, unit testing, and automation
Provide technical support on on-call rotations.

Qualifications:
At least a Bachelor's Degree, or Master's Degree, in Computer Science / IT, Engineering (Computer/Telecommunication), or equivalent.
Proficiency in Golang as primary language and other languages such as Java.
Proficiency in Git
Proficiency in PostgreSQL
At least 4 years working experience in backend services using Golang and Postgres database.
Knowledge of RESTful APIs and microservices, experience designing & consuming them
Experience in designing OpenAPI-based API.
Experience in working in cross-functional teams.
Have discipline in writing unit tests and integration tests.
Familiarity with development on cloud services such as GCP and/or AWS.
Familiarity with continuous integration and continuous deployment.
Familiarity with the Scrum development process.
Willing to work on-site."
3765189243,Mulesoft Developer,htthttps://www.linkedin.com/jobs/view/3765189243,VISEO,https://www.linkedin.com/company/viseo/life," ",1 week ago,64,,Remote,,"1,001-5,000 employees · IT Services and IT Consulting","As a Mulesoft Developer you will:

Provide good understanding of architecture design of the project and be part of the development team to execute it properly.
Collaborate with Architect to build and maintain integrations for multiple on premises and/or cloud systems and must be capable of understanding business requirements, working with end users and developing and deploying the integrations.
Provide technical expertise in large, complex environments and must have a track record of successful and reference-able customer projects. This position requires knowledge and experience with J2EE, MuleSoft product suite as well as experience in detailed requirements analysis, software design, development, testing, and deployment.
Work with the Engagement Manager, customers, architects and partners to implement MuleSoft's AnyPoint platform in order to solve mission-critical business challenges.

Profile

Bachelor’s Degree or equivalent experience required
6+ years of Working knowledge of MuleSoft SaaS technology, and business integrations and maintenance within complex international organizations.
Background in the Software development and familiar with End of End Development.
Experienced in Back End Technology such as Node JS, Java API Architecture.
Identify, analyze and develop interfaces and integration flows using Mule ESB Any platform including Mule Runtime, Connectors, Design Center and API Management.
Deep understanding of Synchronous / Asynchronous communication patterns and problem-solving abilities with respect to Message Sequencing, Correlation and Queuing.
Experienced in Mule administration, Configuration and tuning.
Seeks and engages in continued learning of Agile practices and principles, ensuring that development technologies and best practices methodologies are adopted and applied by all team members.
Demonstrate an understanding of software patterns, software modelling, secure programming principles, test-driven development or another unit testing methodology, and code standards compliance.
Adept at producing fully responsive applications within a multitude of environments using modern up-to-date techniques, whilst still being able to support legacy systems and platforms.
Working knowledge of MuleSoft, SaaS technology, and SaaS business integrations and maintenance within complex international organizations.
Knowledge in on-Premise Platform integration (e.g. Informatica, Talend , TIBCO)

Good to Have:
   MuleSoft Certified Developer – Level 1 (Mule 4)
MuleSoft Certified Developer – Integration and API Associate (Mule 3) MuleSoft Certified Platform Architect – Level 1
MuleSoft Certified Developer – Level 1 (Mule 4) DELTA
MuleSoft Certified Developer- API Design Associate (RAML 1.0)"
3762071054,Web Back-end Developer,htthttps://www.linkedin.com/jobs/view/3762071054,Turing,https://www.linkedin.com/company/turingcom/life," ",3 weeks ago,4,,Remote,,"1,001-5,000 employees · IT Services and IT Consulting","A fast-scaling startup, revolutionizing the tech industry through the utilization of cutting-edge generative technology, is seeking a skilled Web Back-End Developer. The primary responsibilities of this role include debugging, testing, and troubleshooting various applications. With a wide range of innovative products and services, this Silicon Valley-based company has gained significant attention and is poised to shape future advancements in technology. This presents an exceptional opportunity for individuals who thrive on experimentation, iteration, and the creation of state-of-the-art solutions.

Job Responsibilities

Analyze code and propose modifications to enhance code quality
Collaborate with talented designers and engineers to develop user-friendly, cutting-edge UIs
Stay abreast of market trends and employ innovative problem-solving strategies through thorough research
Optimize app efficiency, speed, and scalability

Minimum Requirements

Bachelor's/Master's degree in Computer Science (or equivalent experience)
6+ years of experience as a Web Back-End Developer
At least 1+ years of experience with JUnit and Java
Proven track record in developing and maintaining robust back-end systems
Strong understanding of the software development life cycle (SDLC) and agile methodologies
Excellent problem-solving skills with keen attention to detail
Fluent in English with excellent communication skills"
3677044106,SE - Software Developer,htthttps://www.linkedin.com/jobs/view/3677044106,Prudential Indonesia (PT Prudential Life Assurance),https://www.linkedin.com/company/prudential-indonesia-pt-prudential-life-assurance-/life," "," ",3,,On-site,,"1,001-5,000 employees · Insurance","Prudential's purpose is to help people get the most out of life. We will deliver our purpose by creating a culture in which diversity is celebrated and inclusion assured, for our colleagues, customers, and partners. We provide a platform for our people to do their best work and make an impact to the business, and in exchange, we support our people's career ambitions. We pledge to make Prudential a place where you can Connect, Grow and Succeed.

Prudential is an equal opportunity employer. We provide equality of opportunity of benefits for all who apply and who perform work for our organisation irrespective of sex, race, age, ethnic origin, educational, social and cultural background, marital status, pregnancy and maternity, religion or belief, disability or part-time / fixed-term work, or any other status protected by applicable law. We encourage the same standards from our recruitment and third-party suppliers taking into account the context of grade, job and location. We also allow for reasonable adjustments to support people with special requirements."
3769084827,Backend Developer (Java),htthttps://www.linkedin.com/jobs/view/3769084827,Ringan (PT Ringan Teknologi Indonesia),https://www.linkedin.com/company/pt-ringan-teknologi-indonesia/life," ",4 days ago,35,,On-site,,51-200 employees · Financial Services,"Ringan is an innovative and fast-growing non-bank lending company, dedicated to provide financial services to micro and small business owners. As part of our expansion, we are seeking an experienced Backend-Java Developer to join our IT team. The ideal candidate should have a strong background and exposure in using various open source frameworks. As the Java Developer, you will be responsible in writing system architecture design-related and design document, to test-optimize and maintain the project to ensure its stability and reliability.

Key Responsibilities:
Responsible for backend or API development;
Ensure good code quality and it functionality performance approval system requirements and optimization;
Work closely with the Mobile Engineer team and Frontend Engineer team to ensure the smooth progress of the project;
Eager to learn new technologies and tools to improve tech team capabilities;
Test, optimize and maintain the project to ensure its stability and reliability.
Receive the handover and participate in the transition for API or Backend development from HQ


Qualifications:
1. 3 years minimum experience in software development;
2. Diploma Degree and above in computer related major, Indonesian;
3. Proficient in Java, Spring, SQL Databases (MySQL & Postgres) and have understanding about Cache, and Queue, and Load Balancing;
4. Familiar with the Backend CI/CD, API Management, and Design Patterns"
3773621079,Salesforce Developer,htthttps://www.linkedin.com/jobs/view/3773621079,Rukita,https://www.linkedin.com/company/rukita/life," ",1 week ago,42,,On-site,,"501-1,000 employees · Real Estate","About Rukita

Rukita is a property technology (proptech) company that provides long-stay rental housing solutions with end-to-end and hassle-free services in Indonesia. The company builds a holistic ecosystem of housing solutions for both tenants & landlords. It provides quality, accessible housing for the young generation while assisting landlords in transforming their assets into high-yield rental properties.

In this role, you’ll get to:
Manage stakeholders across multiple teams to design business requirements, translate the requirements into detailed technical specifications that result in effective, scalable, and reliable solutions.
Communicate how solutions map optimally to original business requirements and provide product demonstration of developed solutions.
Performing code reviews, providing positive useful feedback and ideas on technical workflow.
Design and create reports and dashboard that will give recommendations to business users to make decisions strategically.

Requirements:
At least 3 years of experience developing custom solutions on the Salesforce platform using Apex Classes, Apex Triggers, Visualforce Pages, and Lightning Components.
Experience with Salesforce page layouts, profiles, permissions, workflows, and approval processes.
Knowledgeable of all levels of the SDLC and all testing phases.
Experience working with and writing intermediate to advanced queries in relational databases (SOQL, SQL, etc.)
Experience working with Salesforce APIs and Web Services (REST, SOAP)
Experience with data migration and system integration techniques
Experienced in service cloud and field service will be a plus point"
3768784226,Cloud Devops Engineer,htthttps://www.linkedin.com/jobs/view/3768784226,Searce Inc,https://www.linkedin.com/company/searceinc/life," ",5 days ago,103,,Hybrid,,"1,001-5,000 employees · Business Consulting and Services","About Searce
Searce is a modern tech consulting firm that empowers clients to futurify their businesses, leveraging Cloud, AI & Analytics.
We are a category-defining niche’ cloud-native technology consulting company, specializing in modernizing (improve, automate & transforming) the full-scope of infra, app, process & work.
We partner with clients in their ‘beyond x’ journey to drive intelligent, impactful & futuristic business outcomes.
We are the most preferred tech partner of choice when it comes to ‘solving for better’ for the new-age tech startups & digital enterprises, leading disruption in their industries.
Our Service Offerings: We offer Advanced Cloud, Data & App Modernization, Cloud Consulting, Management & Improvement (DevOps, SysOps & Cloud Managed Services), Applied AI & Analytics services.
As one of the top 5 niche’ full scope global partners for Google Cloud & a preferred partner for AWS, we are the most preferred ‘engineering-led’ tech company of choice when it comes to solving complex business problems.

Website: www.searce.com

Location: Jakarta

Job Responsibilities
Selecting appropriate Cloud services to design and deploy an application based on given requirements.
Migrating complex, multi-tier applications on Cloud Platforms. Designing and deploying enterprise-wide scalable operations on Cloud Platforms.
Relevant years of experience in Cloud Infrastructure and Operations domains
Experience with Linux systems and / OR Windows servers
Specialize in one or two cloud deployment platforms: AWS, GCP.
Hands-on experience with AWS services (EKS, ECS, EC2, VPC, RDS, Lambda, GKE, Compute Engine).
Experience with one or more programming languages (Python, JavaScript, Ruby, Java,.Net)
Skills for developing, deploying & debugging cloud applications.
Logging and Monitoring tools (ELK, Stackdriver, CloudWatch) effectively.
Skilled in DevOps Technologies.
Knowledge of Configuration Management tools such as Ansible, Terraform, Puppet, Chef.
Experience working with deployment and orchestration technologies (such as Docker, Kubernetes, and Mesos)

Qualification
Passion to tech-awesome, an insatiable desire to learn the latest of the new-age cloud tech, highly analytical aptitude, and a strong ‘desire to deliver’ outlives those fancy degrees!
Relevant years of experience with hands-on experience in Cloud Computing (AWS/GCP) and IT operational experience in a global enterprise environment.
Good analytical, communication, problem-solving, and learning skills."
3766916516,Java Developer,htthttps://www.linkedin.com/jobs/view/3766916516,Lancesoft Indonesia,https://www.linkedin.com/company/lancesoft-indonesia/life," ",1 week ago,66,,On-site,,"1,001-5,000 employees · Staffing and Recruiting","Hi Tech Talent!

Currently we're looking for Backend Java Developer.

Job Details:
- Mastering the Java Programming Language
- Mastering the Java Spring MVC Framework
- Understand the concept and be able to implement Java Server Page (JSP)
- Understand the concept and be able to implement web service / API
- Able to use SQL Server Database, MySQL Database, MongoDB and Redis cache
- Having knowledge in SAP Hybris is a plus
- Able to use collaboration tools such as Github and TFS
- Able to understand the concept of security in programming"
3762062842,Web Backend Developer,htthttps://www.linkedin.com/jobs/view/3762062842,Turing,https://www.linkedin.com/company/turingcom/life," ",3 weeks ago,3,,Remote,,"1,001-5,000 employees · IT Services and IT Consulting","Job Description

A leading U.S.-based company, renowned for its innovative approach and dynamic work environment, is currently in search of an accomplished Web Backend Developer. This company, listed on the NYSE, is consistently at the forefront of technological advancements, pushing boundaries and setting new industry standards. The successful candidate will play a pivotal role in the development and maintenance of various applications, contributing to the ongoing success and growth of this prestigious organization.

As a Web Backend Developer, your role will involve:

Developing and maintaining robust backend systems using GraphQL, React, and Spring Boot.
Collaborating with a team of highly skilled developers to design, build, and implement scalable applications.
Debugging, testing, and troubleshooting applications to ensure optimal performance and an exceptional user experience.
Staying updated on the latest industry trends and technologies to ensure the organization's applications remain current and competitive.
Contributing to the overall success of the team through active participation in team meetings and collaborative projects.
Continuously improving code quality through the development of unit tests, automation, and conducting code reviews.

Job Requirements:

Bachelor's/Master's degree in Engineering, Computer Science, or equivalent experience.
A minimum of 6-7 years of experience in the field of Web Backend Development.
At least 1+ years of experience with GraphQL and React, and 1+ years of experience with Spring Boot.
Proven experience in developing and maintaining robust backend systems.
Strong understanding of the software development life cycle (SDLC) and agile methodologies.
Excellent problem-solving skills and meticulous attention to detail.
Fluency in English and strong communication skills."
3769042022,Data Engineer,htthttps://www.linkedin.com/jobs/view/3769042022,BitHealth,https://www.linkedin.com/company/bithealth/life," ",5 days ago,133,,Hybrid,,51-200 employees · Information Technology & Services,"BitHealth is a growing digital health professional services company with leading capabilities in digital health application, analytics, and process automation. We embrace the power of digital health to create value and change the face of healthcare for our clients and people. As being our Data Engineer, your responsibilities will include, but not limited to:

Maintain existing Data Warehouse in cloud and do exploration, design, and implement new solutions if necessary.
Build API
Create ETL scripts, improve existing ETL scripts, and handle all server administration related to Data Engineering.
Maintain and add new services related to Data Engineering in several projects within Google Cloud Platform.
Perform complete project documentation.
Monitoring current data pipeline and develop some kind of notification (other than Slack) if necessary.
Work and collaborate with the data team (Data Analyst, Data Engineer, Data Scientist) and another team (Project Manager) to successfully deliver the project.

Requirements:

Bachelor's degree in Computer Science, Information Technology, or a related field.
Min. 3+ years of experience
understand and have experience with data migration
Experience with both consuming and designing RESTful APIs
Integration of multiple data sources and databases into one system.
Proficient understanding of code versioning tools, such as Git
Knowledge of Cloud Server such as GCP/AWS/Azure"
3768990888,Analytics Engineer,htthttps://www.linkedin.com/jobs/view/3768990888,JULO,https://www.linkedin.com/company/juloindonesia/life," ",1 week ago,237,,Hybrid,,"501-1,000 employees · Financial Services","Analytics Engineers at JULO will develop data models that will be the backbone and empower our stakeholders to do reliable analysis and create actionable insights. This person will work in close cooperation with Business Analysts, Data Analysts, Product Managers, and Business teams. You will guide them in their data journey and help them gain insights from their data silos by combining and preparing data for analytical consumption.

Roles and responsibilities:

Develop, implement and maintain data models that are easy and reliable to interpret, use, and consume analytically.
Assess and combine different data models to enable insights across them.
Ensure data quality and consistency by implementing data testing, validation and cleansing.
Implement monitoring solutions to track the health of data models.
Create and maintain data model documentation & definitions, including data dictionaries and process flows.

Job requirements:

Proficiency in SQL as a data analyst or analytics engineer.
Plus point: Experience using data transformation tools such as dbt.
Strong analytical and problem solving skills including ability to independently drive analysis concluding with rationalized recommendations
Strong communications skills for both technical and business purposes
Interest in fintech and high level of curiosity"
3726973280,Software Developer,htthttps://www.linkedin.com/jobs/view/3726973280,Ingenico,https://www.linkedin.com/company/ingenico/life," "," ",259,,Hybrid,,"5,001-10,000 employees · Financial Services","Ingenico is a global leader in the fintech market, with more than three decades of experience and employs over 7,500 people. Its footprint gives scale to projects and talents. Innovation is part of our DNA and our diverse community of experts keep anticipating the evolution of commerce worldwide.
We provide merchants with a comprehensive and innovative range of services and solutions that eliminate payment complexity and make purchasing quick, seamless and secure for consumers, whatever the sales channel or payment method.

JOB PURPOSE/MISSION:
Software Developer to develop payment and other applications to meet clients' needs and requirements. 
To guide and train junior developers as acquired
As a technical consultant to junior members in the team.

KEY RESPONSIBILITIES 
Develop and timely release embedded C/C++ applications on POS
Develop and timely release payment applications on Android POS
Provides support in the day-to-day resolution and fixes on applications for customers and new partners
Provides technical expertise and support to customers with regards to software development/coding / best practice
Train and provide technical guidance to the junior developer
Documents and demonstrates solutions by preparing documentation, flowcharts, layouts, diagrams, charts, code comments and clear code

CORE COMPETENCIES 
Good knowledge/working experience on C/C++ (mandatory) or C-like language such as C#, Java on device development
Good knowledge in Android development (Java, Kotlin,etc) • Has extensive knowledge of Software Development – C/C++, Software Development Lifecycle, Knowledge of credit card processing, developing applications with strict compliance with PCI DSS and EMV standards, POS application development and ISO8583 is a must.
Knowledge of managing and implementing payments processing and banking/financial projects and solutions is an advantage
Good understanding of data exchange format (XML, JSON, CSV, TLV)
Python will be a plus point
Knowledge/experience on software management tool such as JIRA, Bitbucket, Confluence

KEY PERFORMANCE OBJECTIVES/INDICATORS 
Timely and good quality software application releases.
Able to meet client’s expectations
Able to work alongside with Projects Team in achieving the team’s overall objective.

BEHAVIOUR SKILLS 
Detail-oriented
Takes initiative and proactive
Analytical and possess critical thinking
Thrives in both tight deadlines, challenges and opportunities

EDUCATION/EXPERIENCE REQUIREMENTS
Diploma/University: Degree in Computer, Electronic, or Electrical Engineering or proficiency in embedded system, application development or web programming
Years of professional experience required: 7 to 10 years in the payment industry."
3768771985,Software QA Engineer (Yogyakarta),htthttps://www.linkedin.com/jobs/view/3768771985,Privy,https://www.linkedin.com/company/privy-id/life," ",5 days ago,180,,On-site,,201-500 employees · IT Services and IT Consulting,"About us
Privy is Indonesia's market leader in Digital Signature and Digital Identity, with more than 40 million verified users and more than 2.600 enterprise clients. Our Digital Signature is acknowledged by the Ministry of Communication and Informatics. We have just closed our Series C funding led by KKR on November 2022. We are growing more rapidly than ever, and would love to have talented and enthusiastic individuals onboard.

Job Descriptions :
As a Software Quality Assurance (SQA) Engineer, you will work with some of the most talented minds, collaborating with fellow Product Managers, Engineers, User Experience Designers, test and safeguard availability, performance and usability of our business-critical functionalities that delight both internal businesses and external end-users.

- Be involved in whole development life cycle and technical design review
- Test case design and planning
- Functional testing via grey-box and white-box methodologies
- Perform Application Program Interface (API) testing, and API automation testing
- Performance, security, and integration testing for system, module, API, and other tools
- Bug analysis and tracking
- Setting up and maintenance of testing environment
- Development and maintenance of testing tools, automation of testing tools and scripts
- Continuous improvement and research of testing process, skills, techniques, quality, and efficiency
- Define and execute test plans, test cases, and test scripts to ensure comprehensive test coverage
- Collaborate with stakeholders to understand project requirements and develop test strategies accordingly
- Establish and maintain test environments, test data, and test automation frameworks

Job Qualifications :
- Bachelor's degree in Computer Science, Engineering or related fields
- Familiar with at least of the following programming languages: Python, Java, or Golang
- Familiar with at least one API/Unit testing framework
- Strong sense of project ownership and result-oriented
- Good sense of quality, teamwork, and innovation
- Experience with Database querying, using SQL
- Experience in microservices contract testing
- Able to work independently
- Able to list down test cases/scenarios to test any application using the test case design techniques
- Coding experience with automated testing frameworks, tools, services, and physical devices
- Good experience with SDLC practices of Agile or Test-Driven Development (Lean, Scrum, or similar)
- Good CS fundamentals, including good working knowledge of classic algorithms and data structures
- Experience on Automation tools like selenium and Rest Assured
- Excellent communication, collaboration, reporting, analytical and problem solving skills"
3759731332,Phyton Developer ( Project Based ),htthttps://www.linkedin.com/jobs/view/3759731332,Pepper Advantage,https://www.linkedin.com/company/pepper-advantage/life," ",2 weeks ago,127,,Hybrid,,"1,001-5,000 employees · Financial Services","We are seeking a talented Full-Stack Developer with expertise in Python and Angular to join our team, who is motivated to combine the art of design with the art of programming.

Responsibilities:

Translation of the UI/UX design wireframes to actual code that will produce visual elements of the application using Angular 2 framework.
Architect efficient and reusable front-end systems that drive complex web applications.
Unit-test code for robustness, including edge cases, usability, and general reliability.
Design and develop Rest Apis as backend services using python frameworks for Cloud platforms.
Hands on knowledge of Django and REST API concepts
Work in agile environment with product management team to understand and develop product features in the defined technology stack


Skills & Experience:

Bachelor’s degree in Computer Science, Information Technology, or a related field.
Strong communication and collaboration skills within a team environment.
Have a good communication in English is a must
Proficiency in Linux OS
Proficient in Programming languages: Python framework (Flask, Django), TypeScript (Angular)
Familiarity with RDBMS (Postgre SQL, MySQL, SQL Server), NoSQL databases (Redis, MongoDB),
Experience writing REST API.
Proficient use of Git version control system
Experience in designing front-end interfaces using Angular(2) UI framework.
Knowledge and practical experience in cloud development, particularly Azure or Google cloud.
Understanding and experience in CI/CD ( Continuous Integration / Continuous Deployment) development processes.
Familiarity with WebRTC protocols."
3769520947,Remote Full-stack JS Developer,htthttps://www.linkedin.com/jobs/view/3769520947,Scopic Software,https://www.linkedin.com/company/scopic-software/life," ",4 days ago,200,,Remote,,201-500 employees · Software Development,"Scopic is seeking a Full-stack JavaScript Developer with advanced JavaScript skills to join our team of 250+ professionals across 50 countries. The successful applicant will work with a team of talented PMs, developers, designers, and QAs to provide solutions and for industry-leading applications.

Requirements

 3+ years of software development experience both backend and frontend
 2+ years of hands-on experience with modern frameworks (Angular, React, Vue.js...) and a good grasp of architectural styles and implementation patterns
 Knowledge of web sockets, particularly socket.io
 Proficiency in JavaScript is required and Node.js for the backend
 Experience with TypeScript
 Experience with build systems and tooling
 Good knowledge and hands-on experience with HTML5/CSS
 Knoweledge of at least one major *NIX platform (Linux, macOS, FreeBSD, etc.)
 Familiarity with Backbone & Marionette.js
 Proficient in Git
 Proactive and willing to learn new stuff
 Bachelor degree or equivalent experience

The Secret Ingredients That Make Us Special

 Your growth is our growth. We invest in your future with paid training and other professional opportunities.
 We’re industry innovators at the forefront of change. Equipped with the latest technologies and a team of knowledgeable colleagues by your side, you’ll embrace new and interesting challenges.
 Your location. Your schedule — Pick your time-zone, choose your preferred hours, and work from the place where you feel most at home.
 Flexibility and freedom are in our DNA! As long as you have a stable internet connection and the drive to thrive, you can travel and work from anywhere you like.
 A workload you can rely on. We’ll set you enough tasks to keep that mind busy! At Scopic, we’ll ensure you always have a consistent flow of engaging, challenging work to do.
 Recognition and reward. We acknowledge diligence and hard work through annual pay increases for good performance.

Down to business!

 Rate Range: Negotiable depending on your skills, experience and your performance during our recruiting process.
 This is a full-time position.
 Direct communication with the client may be needed.

Our Values

Scopic offers equal opportunity. We value diversity and do not discriminate on the basis of race, religion, color, marital status, national origin, gender, veteran status, sexual orientation, age, or disability status.

Have the skills, the drive, and the passion to join the Scopic family?

Apply today to join our growing team of remote professionals from around the world.

Attention Job Seekers: Please be aware that scammers may be fraudulently using our company's name in hiring scams. To ensure your safety, all legitimate communication regarding job opportunities from our company will only come from email addresses ending with [at]scopicsoftware.com or [at]scopicsoftware.hire.trakstar.com. Please exercise caution and report any suspicious activity to our official channels.

Employment Type: Full-Time"
3752304532,Technical Developer,htthttps://www.linkedin.com/jobs/view/3752304532,PT Lion Super Indo,https://www.linkedin.com/company/superindo/life," ",3 weeks ago,357,,On-site,,"10,001+ employees · Retail","Responsibilities
As a technical consultant, provides a sustainable technical solution. Create, maintain, and improve IT application to meet requirements. Follow Development standards.

Requirements
Min. Bachelor Degree (S1) in IT-related major
3 years experience or more in IT Programming
Understand Unified Modelling Language (UML) System Design
Desktop, Web &SQL Programming
Microsoft .NET MVC (Front-End Programming)
API Development (Back-End Programming)
Deep Analytical Thinking
Good Teamwork
Placement: WFO at South Jakarta (Head Office)"
3680687869,Web Front End Developer,htthttps://www.linkedin.com/jobs/view/3680687869,NTT Ltd.,https://www.linkedin.com/company/global-ntt/life," "," ",1,,Hybrid,,"10,001+ employees · IT Services and IT Consulting","Want to be a part of our team?

Analyzes, designs, programs, debugs, and modifies software enhancements and/or new products used in local, networked, cloud-based, or Internet-related computer programs.

Code may be used in commercial or end-user applications, such as materials management, financial management, HRIS, mobile apps, or desktop applications products.

Using current programming language and technologies, writes code, completes programming, and performs testing and debugging of applications.

Completes documentation and procedures for installation and maintenance.

May interact with users to define system requirements and/or necessary modifications.

Working at NTT

The primary responsibility of the Software Applications Development Engineer is to develop new applications and improve upon existing ones that will our client and business needs.

Key Roles and Responsibilities:

Develop applications that effectively accomplish client objectives and user needs.

Design and write code for applications and maintain applications databases.

Analyze and edit existing software applications to improve and optimize functionality, fix problems, and enable their use on new hardware platforms.

Remodel and adapt applications as needed to optimize performance.

Identify specific customer and client needs and preferences related to the application.

Test applications extensively to ensure they are error and bug-free.

Install applications and act as technical advisor.

Communicate with relevant internal technical stakeholders to obtain information on project limitations, performance requirements, and interfaces.

Consult with clients in the design phase to determine client needs.

Produce software documentation following company software process and templates.

Participates in software product review meetings and team meetings.

Knowledge, Skills, and Attributes:

Broad understanding of computer science, with specific knowledge of computer programming, application design, and user-focused features
Creative problem solvers
Good interpersonal, communication, and organizational skills
Good team players and maintain the integrity and display good attention to detail
Ability to understand and analyze complex systems
Proficient in writing software using the Java Programming Language and a standard object library
Sound knowledge of software development process
Familiarity with agile development such as Scrum
Knowledge of software integrated development environments
Extensive knowledge in various programming languages (Java, Perl, Python, C++, etc.)
Demonstrated analytical, organizational, and project management skills, using relevant information to make timely and critical decisions that affect cross-functional teams
Ability to handle client and customer issues tactfully and professionally

Academic Qualifications and Certifications:

Bachelor's degree in computer science or software engineering
Relevant certifications

Required Experience:

Software Applications Engineering, Software Development experience, or related work experience
Experience with Programming Languages such as C, C++, Java, Python, etc. 
Experienced with Linux or Unix and Windows operating systems
Experience working with SQL
Project management experience and/or experience working in an Agile environment

What will make you a good fit for the role?"
